{
  "coloring": {
    "1": {
      "x": 162.8046875,
      "y": 277.5,
      "width": 1181.34375,
      "height": 1197.75,
      "type": "RECTANGLE",
      "isAsset": false
    },
    "2": {
      "x": 794.7734375,
      "y": 693.2890625,
      "width": 1098.75,
      "height": 1098.75,
      "type": "ELLIPSE"
    },
    "3": {
      "x": 571.203125,
      "y": 1141.62890625,
      "width": 1545.8984375,
      "height": 1545.8984375,
      "type": "POLYGON"
    }
  }
}