{
  "coloring": {
    "1": {
      "x": 162.8046875,
      "y": 277.501953125,
      "width": 1181.34375,
      "height": 1197.75,
      "type": "RECTANGLE",
      "isAsset": false
    },
    "2": {
      "x": 794.7734375,
      "y": 693.287109375,
      "width": 1098.75,
      "height": 1098.75,
      "type": "ELLIPSE"
    },
    "3": {
      "x": 571.19921875,
      "y": 1141.62744140625,
      "width": 1545.8984375,
      "height": 1545.8984375,
      "type": "POLYGON"
    }
  },
  "canvas": {
    "1": {
      "x": 186.93701171875,
      "y": 84.51010131835938,
      "width": 123.474609375,
      "height": 83.4969253540039,
      "type": "VECTOR"
    },
    "2": {
      "x": 144.175537109375,
      "y": 243.03140258789062,
      "width": 247.79849243164062,
      "height": 69.11851501464844,
      "type": "VECTOR"
    },
    "3": {
      "x": 344.323974609375,
      "y": 368.6217041015625,
      "width": 22.20526695251465,
      "height": 23.079904556274414,
      "type": "VECTOR"
    },
    "4": {
      "x": 319.931640625,
      "y": 370.7267761230469,
      "width": 24.13871192932129,
      "height": 23.612781524658203,
      "type": "VECTOR"
    },
    "5": {
      "x": 301.690673828125,
      "y": 367.2602844238281,
      "width": 18.50287628173828,
      "height": 26.227109909057617,
      "type": "VECTOR"
    },
    "6": {
      "x": 169.0283203125,
      "y": 376.47052001953125,
      "width": 22.20526695251465,
      "height": 23.079904556274414,
      "type": "VECTOR"
    },
    "6-1": {
      "x": 192,
      "y": 376.47052001953125,
      "width": 22.20526695251465,
      "height": 23.079904556274414,
      "type": "VECTOR"
    },
    "7": {
      "x": 146.184814453125,
      "y": 371.1566162109375,
      "width": 18.774980545043945,
      "height": 26.77252197265625,
      "type": "VECTOR"
    },
    "8": {
      "x": 145.453369140625,
      "y": 288.8402099609375,
      "width": 88.83936309814453,
      "height": 111.12869262695312,
      "type": "VECTOR"
    },
    "9": {
      "x": 39.279541015625,
      "y": 112.17242431640625,
      "width": 361.5128479003906,
      "height": 229.79733276367188,
      "type": "VECTOR"
    },
    "10": {
      "x": 192.8818359375,
      "y": 165.78125,
      "width": 112.8790512084961,
      "height": 115.1024169921875,
      "type": "VECTOR"
    },
    "11": {
      "x": 153.61181640625,
      "y": 191.94894409179688,
      "width": 46.91598129272461,
      "height": 78.81483459472656,
      "type": "VECTOR"
    },
    "12": {
      "x": 296.424560546875,
      "y": 180.87088012695312,
      "width": 85.10529327392578,
      "height": 95.88944244384766,
      "type": "VECTOR"
    },
    "13": {
      "x": 282.346435546875,
      "y": 103.18466186523438,
      "width": 86.50796508789062,
      "height": 103.28277587890625,
      "type": "VECTOR"
    },
    "14": {
      "x": 152.519775390625,
      "y": 106.18792724609375,
      "width": 64.98202514648438,
      "height": 98.28096008300781,
      "type": "VECTOR"
    },
    "15": {
      "x": 298.544677734375,
      "y": 287.8194885253906,
      "width": 78.97442626953125,
      "height": 105.16571807861328,
      "type": "VECTOR"
    },
    "16": {
      "x": 88.791259765625,
      "y": 354.5246276855469,
      "width": 19.82693099975586,
      "height": 18.793027877807617,
      "type": "VECTOR"
    },
    "17": {
      "x": 67.709716796875,
      "y": 351.6894226074219,
      "width": 20.59939193725586,
      "height": 21.05634307861328,
      "type": "VECTOR"
    },
    "18": {
      "x": 51.90966796875,
      "y": 346.2118835449219,
      "width": 16.43047332763672,
      "height": 23.155414581298828,
      "type": "VECTOR"
    },
    "19": {
      "x": 50.33740234375,
      "y": 272.6335754394531,
      "width": 89.25369262695312,
      "height": 100.3575439453125,
      "type": "VECTOR"
    },
    "20": {
      "x": 261.343994140625,
      "y": 289.86248779296875,
      "width": 64.91563415527344,
      "height": 78.0103988647461,
      "type": "VECTOR"
    },
    "02": {
      "x": 55.1552734375,
      "y": 146.034423828125,
      "width": 43.72604751586914,
      "height": 51.16246795654297,
      "type": "VECTOR"
    },
    "01": {
      "x": 112.555419921875,
      "y": 139.34744262695312,
      "width": 43.72603988647461,
      "height": 51.162471771240234,
      "type": "VECTOR"
    },
    "00": {
      "x": 69.16015625,
      "y": 155.0142822265625,
      "width": 70.50540161132812,
      "height": 76.3420639038086,
      "type": "GROUP"
    }
  }
}