{
  "turtle": {
    "1": {
      "x": 186.93701171875,
      "y": 84.51010131835938,
      "width": 123.474609375,
      "height": 83.4969253540039,
      "type": "VECTOR"
    },
    "2": {
      "x": 144.175537109375,
      "y": 243.03140258789062,
      "width": 247.79849243164062,
      "height": 69.11851501464844,
      "type": "VECTOR"
    },
    "3": {
      "x": 344.323974609375,
      "y": 368.6217041015625,
      "width": 22.20526695251465,
      "height": 23.079904556274414,
      "type": "VECTOR"
    },
    "4": {
      "x": 319.931640625,
      "y": 370.7267761230469,
      "width": 24.13871192932129,
      "height": 23.612781524658203,
      "type": "VECTOR"
    },
    "5": {
      "x": 301.690673828125,
      "y": 367.2602844238281,
      "width": 18.50287628173828,
      "height": 26.227109909057617,
      "type": "VECTOR"
    },
    "6": {
      "x": 169.0283203125,
      "y": 376.47052001953125,
      "width": 22.20526695251465,
      "height": 23.079904556274414,
      "type": "VECTOR"
    },
    "6-1": {
      "x": 192,
      "y": 376.47052001953125,
      "width": 22.20526695251465,
      "height": 23.079904556274414,
      "type": "VECTOR"
    },
    "7": {
      "x": 146.184814453125,
      "y": 371.1566162109375,
      "width": 18.774980545043945,
      "height": 26.77252197265625,
      "type": "VECTOR"
    },
    "8": {
      "x": 145.453369140625,
      "y": 288.8402099609375,
      "width": 88.83936309814453,
      "height": 111.12869262695312,
      "type": "VECTOR"
    },
    "9": {
      "x": 39.279541015625,
      "y": 112.17242431640625,
      "width": 361.5128479003906,
      "height": 229.79733276367188,
      "type": "VECTOR"
    },
    "10": {
      "x": 192.8818359375,
      "y": 165.78125,
      "width": 112.8790512084961,
      "height": 115.1024169921875,
      "type": "VECTOR"
    },
    "11": {
      "x": 153.61181640625,
      "y": 191.94894409179688,
      "width": 46.91598129272461,
      "height": 78.81483459472656,
      "type": "VECTOR"
    },
    "12": {
      "x": 296.424560546875,
      "y": 180.87088012695312,
      "width": 85.10529327392578,
      "height": 95.88944244384766,
      "type": "VECTOR"
    },
    "13": {
      "x": 282.346435546875,
      "y": 103.18466186523438,
      "width": 86.50796508789062,
      "height": 103.28277587890625,
      "type": "VECTOR"
    },
    "14": {
      "x": 152.519775390625,
      "y": 106.18792724609375,
      "width": 64.98202514648438,
      "height": 98.28096008300781,
      "type": "VECTOR"
    },
    "15": {
      "x": 298.544677734375,
      "y": 287.8194885253906,
      "width": 78.97442626953125,
      "height": 105.16571807861328,
      "type": "VECTOR"
    },
    "16": {
      "x": 88.791259765625,
      "y": 354.5246276855469,
      "width": 19.82693099975586,
      "height": 18.793027877807617,
      "type": "VECTOR"
    },
    "17": {
      "x": 67.709716796875,
      "y": 351.6894226074219,
      "width": 20.59939193725586,
      "height": 21.05634307861328,
      "type": "VECTOR"
    },
    "18": {
      "x": 51.90966796875,
      "y": 346.2118835449219,
      "width": 16.43047332763672,
      "height": 23.155414581298828,
      "type": "VECTOR"
    },
    "19": {
      "x": 50.33740234375,
      "y": 272.6335754394531,
      "width": 89.25369262695312,
      "height": 100.3575439453125,
      "type": "VECTOR"
    },
    "20": {
      "x": 261.343994140625,
      "y": 289.86248779296875,
      "width": 64.91563415527344,
      "height": 78.0103988647461,
      "type": "VECTOR"
    },
    "02": {
      "x": 55.1552734375,
      "y": 146.034423828125,
      "width": 43.72604751586914,
      "height": 51.16246795654297,
      "type": "VECTOR"
    },
    "01": {
      "x": 112.555419921875,
      "y": 139.34744262695312,
      "width": 43.72603988647461,
      "height": 51.162471771240234,
      "type": "VECTOR"
    },
    "00": {
      "x": 69.16015625,
      "y": 155.0142822265625,
      "width": 70.50540161132812,
      "height": 76.3420639038086,
      "type": "GROUP"
    }
  },
  "whale": {
    "10": {
      "x": 81.371337890625,
      "y": 229.6192626953125,
      "width": 94.0277099609375,
      "height": 93.35812377929688,
      "type": "GROUP"
    },
    "11": {
      "x": 189.22314453125,
      "y": 330.3349304199219,
      "width": 98.16960906982422,
      "height": 85.14352416992188,
      "type": "VECTOR"
    },
    "12": {
      "x": 137.908935546875,
      "y": 207.95376586914062,
      "width": 60.46824645996094,
      "height": 70.75200653076172,
      "type": "VECTOR"
    },
    "13": {
      "x": 58.531005859375,
      "y": 217.20108032226562,
      "width": 60.468257904052734,
      "height": 70.75199890136719,
      "type": "VECTOR"
    },
    "14": {
      "x": 42.1796875,
      "y": 312.81268310546875,
      "width": 296.3347473144531,
      "height": 107.69529724121094,
      "type": "VECTOR"
    },
    "15": {
      "x": 182.07177734375,
      "y": 106.30917358398438,
      "width": 57.732418060302734,
      "height": 46.50975799560547,
      "type": "VECTOR"
    },
    "16": {
      "x": 52,
      "y": 106.12786865234375,
      "width": 57.732418060302734,
      "height": 46.50975799560547,
      "type": "VECTOR"
    },
    "17": {
      "x": 122.17431640625,
      "y": 68.77392578125,
      "width": 50.37907028198242,
      "height": 79.79031372070312,
      "type": "VECTOR"
    },
    "18": {
      "x": 279.7421875,
      "y": 165.46539306640625,
      "width": 125.11280059814453,
      "height": 82.48780059814453,
      "type": "VECTOR"
    },
    "19": {
      "x": 23.145263671875,
      "y": 164.6719970703125,
      "width": 325.1966247558594,
      "height": 250.92221069335938,
      "type": "VECTOR"
    }
  },
  "rocket": {
    "10": {
      "x": 179.02783203125,
      "y": 156.296630859375,
      "width": 65.91352081298828,
      "height": 65.12493133544922,
      "type": "GROUP"
    },
    "11": {
      "x": 155.74365234375,
      "y": 327.7622985839844,
      "width": 119.76004791259766,
      "height": 27.02703285217285,
      "type": "VECTOR"
    },
    "12": {
      "x": 282.940185546875,
      "y": 208.804443359375,
      "width": 78.74052429199219,
      "height": 106.2391586303711,
      "type": "VECTOR"
    },
    "13": {
      "x": 65.059814453125,
      "y": 208.804443359375,
      "width": 78.74052429199219,
      "height": 106.2391586303711,
      "type": "VECTOR"
    },
    "14": {
      "x": 218.660888671875,
      "y": 141.10916137695312,
      "width": 42.38828659057617,
      "height": 49.59720993041992,
      "type": "VECTOR"
    },
    "15": {
      "x": 163.016845703125,
      "y": 147.59152221679688,
      "width": 42.3882942199707,
      "height": 49.59720230102539,
      "type": "VECTOR"
    },
    "16": {
      "x": 148.149169921875,
      "y": 73.83953857421875,
      "width": 132.07400512695312,
      "height": 31.807828903198242,
      "type": "VECTOR"
    },
    "17": {
      "x": 128.786376953125,
      "y": 296.30242919921875,
      "width": 173.93768310546875,
      "height": 37.62657165527344,
      "type": "VECTOR"
    },
    "18": {
      "x": 167.0263671875,
      "y": 41.05377197265625,
      "width": 93.9527587890625,
      "height": 38.033241271972656,
      "type": "VECTOR"
    },
    "19": {
      "x": 141.905029296875,
      "y": 116.9549560546875,
      "width": 142.29454040527344,
      "height": 137.50279235839844,
      "type": "VECTOR"
    },
    "20": {
      "x": 243.82177734375,
      "y": 268.32220458984375,
      "width": 24.088895797729492,
      "height": 22.326217651367188,
      "type": "VECTOR"
    },
    "21": {
      "x": 203.444091796875,
      "y": 268.32220458984375,
      "width": 24.088895797729492,
      "height": 22.326217651367188,
      "type": "VECTOR"
    },
    "22": {
      "x": 161.64013671875,
      "y": 268.32220458984375,
      "width": 24.088895797729492,
      "height": 22.326217651367188,
      "type": "VECTOR"
    },